,compound,seq_type,Nham_aa,aa_seq,s,cscore,refined_class,sensres
0,anidulafungin,ortho,1.0,FLILSLRDP,-0.2239787599554358,1.0,WT-like,sensitive
1,anidulafungin,ortho,1.0,FLTLSLRDP,0.1271394460054764,1.0,WT-like,sensitive
2,anidulafungin,ortho,2.0,FLALSFRDP,0.3701521301787842,1.0,WT-like,sensitive
3,anidulafungin,ortho,2.0,FLALSIRDP,-0.2298975173479185,1.0,WT-like,sensitive
4,anidulafungin,ortho,2.0,FLSLSFRDP,1.8833115734171404,1.0,resistant,resistant
5,anidulafungin,ortho,2.0,FLTLSFRDP,0.4103637340691971,1.0,WT-like,sensitive
6,anidulafungin,ortho,2.0,FLTLSIRDP,-0.1230476311176587,1.0,WT-like,sensitive
7,anidulafungin,ortho,2.0,FLTLSLKDP,0.31077659643985,1.0,WT-like,sensitive
8,anidulafungin,ortho,2.0,FLTLSLRDA,2.073776703477835,1.0,resistant,resistant
9,anidulafungin,ortho,2.0,FLTLSLVDP,-0.1697385574388275,1.0,WT-like,sensitive
10,anidulafungin,ortho,2.0,FLTLSVRDP,-0.2360656377110813,1.0,WT-like,sensitive
11,anidulafungin,ortho,2.0,FMALSLRDP,1.2817409812516694,1.0,intermediary,resistant
12,anidulafungin,ortho,2.0,YLILSLRDP,1.8705795881954328,1.0,resistant,resistant
13,anidulafungin,ortho,2.0,YLTLSLRDP,2.158721827673423,1.0,resistant,resistant
14,anidulafungin,ortho,3.0,ALTLSFRDP,2.1412553751866787,1.0,resistant,resistant
15,anidulafungin,ortho,3.0,FLALSFKDP,-0.3039673205782623,1.0,WT-like,sensitive
16,anidulafungin,ortho,3.0,FLALSFRDA,2.065871087713269,1.0,resistant,resistant
17,anidulafungin,ortho,3.0,FLIKSLIDP,0.012174594859818,1.0,WT-like,sensitive
18,anidulafungin,ortho,3.0,FLTHSFRDP,2.108392649384609,1.0,resistant,resistant
19,anidulafungin,ortho,3.0,FLTLSAKDP,-0.0413251332222559,1.0,WT-like,sensitive
20,anidulafungin,ortho,3.0,FLTLSFKDP,0.1206439082573761,1.0,WT-like,sensitive
21,anidulafungin,ortho,3.0,FLTLSFRDT,0.364301635810534,1.0,WT-like,sensitive
22,anidulafungin,ortho,3.0,FLTLSIKDP,-0.3217288585927783,1.0,WT-like,sensitive
23,anidulafungin,ortho,3.0,YLALSFRDP,2.0633016189484383,1.0,resistant,resistant
24,anidulafungin,ortho,3.0,YLILSFRDP,2.0971786853897845,1.0,resistant,resistant
25,anidulafungin,ortho,3.0,YLILSIRDP,2.0771231343763503,1.0,resistant,resistant
26,anidulafungin,ortho,3.0,YLTLSFRDP,2.052555696542533,1.0,resistant,resistant
27,anidulafungin,ortho,3.0,YLTLSIRDP,2.068572052627646,1.0,resistant,resistant
28,anidulafungin,ortho,4.0,FLALNLSDS,2.147983133232493,1.0,resistant,resistant
29,anidulafungin,ortho,4.0,FLTLNLADS,2.15757602297185,1.0,resistant,resistant
30,anidulafungin,ortho,4.0,FLTLNLSDS,2.092648672903541,1.0,resistant,resistant
31,anidulafungin,ortho,4.0,FLTLSFENP,0.2836025299269868,1.0,WT-like,sensitive
32,anidulafungin,ortho,4.0,SLTLSFRDV,2.087200837056897,1.0,resistant,resistant
33,anidulafungin,ortho,4.0,YLALSFKDP,2.0332800007456133,1.0,resistant,resistant
34,anidulafungin,ortho,4.0,YLTLSFKDP,2.033291682275594,1.0,resistant,resistant
35,anidulafungin,ortho,4.0,YLTLSFRDA,2.0896265223761645,1.0,resistant,resistant
36,anidulafungin,ortho,4.0,YLTLSFRDV,1.8867623305734893,1.0,resistant,resistant
37,anidulafungin,ortho,4.0,YLTLSFSDP,2.08497298270262,1.0,resistant,resistant
38,anidulafungin,ortho,4.0,YLTLSIKDP,1.856437705215607,1.0,resistant,resistant
39,anidulafungin,ortho,4.0,YLTRSFRDP,1.7993830620852025,1.0,intermediary,resistant
40,anidulafungin,ortho,5.0,ALALNIKDP,-0.2085225536087498,1.0,WT-like,sensitive
41,anidulafungin,ortho,5.0,FLTSSFSSP,2.13821089228874,1.0,resistant,resistant
42,anidulafungin,ortho,5.0,YLTLAFRDS,2.058199666660941,1.0,resistant,resistant
43,anidulafungin,ortho,6.0,YLTRAFRDS,1.9914188146312075,1.0,resistant,resistant
44,anidulafungin,ortho,7.0,AICSDLRED,1.930366538867692,1.0,resistant,resistant
45,anidulafungin,ortho,7.0,LQIRPLIAP,2.156924994786038,1.0,resistant,resistant
46,anidulafungin,ortho,7.0,LQVKPMIKP,2.1576025336939817,1.0,resistant,resistant
47,anidulafungin,ortho,7.0,VLTLLVTQH,1.8366186929619863,1.0,intermediary,resistant
48,anidulafungin,single,0.0,FLVLSLRDP,-0.06276288377908285,1.0,WT-like,sensitive
49,anidulafungin,single,1.0,*LVLSLRDP,0.2306350142092216,1.0,WT-like,sensitive
50,anidulafungin,single,1.0,ALVLSLRDP,1.7562999789995668,1.0,intermediary,resistant
51,anidulafungin,single,1.0,DLVLSLRDP,0.0472854589767816,1.0,WT-like,sensitive
52,anidulafungin,single,1.0,ELVLSLRDP,0.2669074051082755,1.0,WT-like,sensitive
53,anidulafungin,single,1.0,F*VLSLRDP,0.1652053984625947,1.0,WT-like,sensitive
54,anidulafungin,single,1.0,FAVLSLRDP,0.9912586240583815,1.0,intermediary,resistant
55,anidulafungin,single,1.0,FCVLSLRDP,0.2092951631324405,1.0,WT-like,sensitive
56,anidulafungin,single,1.0,FEVLSLRDP,0.7233818025187119,1.0,intermediary,resistant
57,anidulafungin,single,1.0,FFVLSLRDP,-0.2588759768046066,1.0,WT-like,sensitive
58,anidulafungin,single,1.0,FGVLSLRDP,1.5095574367133366,1.0,intermediary,resistant
59,anidulafungin,single,1.0,FHVLSLRDP,0.4500089231844135,1.0,WT-like,sensitive
60,anidulafungin,single,1.0,FIVLSLRDP,0.0033871385170796,1.0,WT-like,sensitive
61,anidulafungin,single,1.0,FKVLSLRDP,-0.0307650898112308,1.0,WT-like,sensitive
62,anidulafungin,single,1.0,FL*LSLRDP,0.1096334228089032,1.0,WT-like,sensitive
63,anidulafungin,single,1.0,FLALSLRDP,0.8703464279819613,1.0,intermediary,resistant
64,anidulafungin,single,1.0,FLCLSLRDP,0.061929269499799,1.0,WT-like,sensitive
65,anidulafungin,single,1.0,FLDLSLRDP,1.357287914331125,2.0,intermediary,resistant
66,anidulafungin,single,1.0,FLELSLRDP,-0.2971181407523626,1.0,WT-like,sensitive
67,anidulafungin,single,1.0,FLFLSLRDP,0.6740646688800574,1.0,intermediary,resistant
68,anidulafungin,single,1.0,FLGLSLRDP,0.6103647103742053,1.0,WT-like,sensitive
69,anidulafungin,single,1.0,FLHLSLRDP,0.0888108080052183,1.0,WT-like,sensitive
70,anidulafungin,single,1.0,FLILSLRDP,-0.3508930511614759,1.0,WT-like,sensitive
71,anidulafungin,single,1.0,FLKLSLRDP,1.7766343836444087,1.0,intermediary,resistant
72,anidulafungin,single,1.0,FLLLSLRDP,0.0298422501775473,1.0,WT-like,sensitive
73,anidulafungin,single,1.0,FLMLSLRDP,-0.2034046023655412,1.0,WT-like,sensitive
74,anidulafungin,single,1.0,FLNLSLRDP,1.5071732221155605,2.0,intermediary,resistant
75,anidulafungin,single,1.0,FLPLSLRDP,0.22124745693748996,1.0,WT-like,sensitive
76,anidulafungin,single,1.0,FLQLSLRDP,-0.1833461416762194,1.0,WT-like,sensitive
77,anidulafungin,single,1.0,FLRLSLRDP,1.7444911668131335,1.0,intermediary,resistant
78,anidulafungin,single,1.0,FLSLSLRDP,1.4348219812702063,1.0,intermediary,resistant
79,anidulafungin,single,1.0,FLTLSLRDP,-0.04558691040910345,1.0,WT-like,sensitive
80,anidulafungin,single,1.0,FLV*SLRDP,0.0335218320664774,1.0,WT-like,sensitive
81,anidulafungin,single,1.0,FLVASLRDP,0.5372297101477687,1.0,WT-like,sensitive
82,anidulafungin,single,1.0,FLVCSLRDP,-0.1420117082421687,1.0,WT-like,sensitive
83,anidulafungin,single,1.0,FLVDSLRDP,0.0776598647297721,1.0,WT-like,sensitive
84,anidulafungin,single,1.0,FLVESLRDP,-0.2326512142368444,1.0,WT-like,sensitive
85,anidulafungin,single,1.0,FLVFSLRDP,2.094693499403834,1.0,resistant,resistant
86,anidulafungin,single,1.0,FLVHSLRDP,2.1324877218005094,1.0,resistant,resistant
87,anidulafungin,single,1.0,FLVISLRDP,-0.1363253266447627,1.0,WT-like,sensitive
88,anidulafungin,single,1.0,FLVL*LRDP,0.6812683913094006,1.0,intermediary,resistant
89,anidulafungin,single,1.0,FLVLALRDP,0.10929718223163905,1.0,WT-like,sensitive
90,anidulafungin,single,1.0,FLVLCLRDP,1.6270459124853636,1.0,intermediary,resistant
91,anidulafungin,single,1.0,FLVLDLRDP,1.7653306265261506,1.0,intermediary,resistant
92,anidulafungin,single,1.0,FLVLELRDP,2.062594424205785,1.0,resistant,resistant
93,anidulafungin,single,1.0,FLVLFLRDP,2.017853318238383,1.0,resistant,resistant
94,anidulafungin,single,1.0,FLVLGLRDP,1.1708769412839566,1.0,intermediary,resistant
95,anidulafungin,single,1.0,FLVLHLRDP,1.912105709294503,1.0,resistant,resistant
96,anidulafungin,single,1.0,FLVLILRDP,1.9822405936081653,1.0,resistant,resistant
97,anidulafungin,single,1.0,FLVLKLRDP,2.018323658343779,1.0,resistant,resistant
98,anidulafungin,single,1.0,FLVLLLRDP,1.9785957751507792,1.0,resistant,resistant
99,anidulafungin,single,1.0,FLVLMLRDP,1.823485990438502,1.0,intermediary,resistant
100,anidulafungin,single,1.0,FLVLNLRDP,2.103086968064405,1.0,resistant,resistant
101,anidulafungin,single,1.0,FLVLPLRDP,2.0976546703549515,1.0,resistant,resistant
102,anidulafungin,single,1.0,FLVLQLRDP,2.057750773476264,1.0,resistant,resistant
103,anidulafungin,single,1.0,FLVLRLRDP,2.0764084954307034,1.0,resistant,resistant
104,anidulafungin,single,1.0,FLVLS*RDP,-0.1192582649412734,1.0,WT-like,sensitive
105,anidulafungin,single,1.0,FLVLSARDP,-0.25078120672405985,1.0,WT-like,sensitive
106,anidulafungin,single,1.0,FLVLSCRDP,0.070436590440376,1.0,WT-like,sensitive
107,anidulafungin,single,1.0,FLVLSDRDP,-0.1703861997297276,1.0,WT-like,sensitive
108,anidulafungin,single,1.0,FLVLSERDP,0.1250165589052069,1.0,WT-like,sensitive
109,anidulafungin,single,1.0,FLVLSFRDP,0.1179866995746293,1.0,WT-like,sensitive
110,anidulafungin,single,1.0,FLVLSGRDP,-0.0760093645606139,1.0,WT-like,sensitive
111,anidulafungin,single,1.0,FLVLSHRDP,2.078043156259883,1.0,resistant,resistant
112,anidulafungin,single,1.0,FLVLSIRDP,-0.1373489991675411,1.0,WT-like,sensitive
113,anidulafungin,single,1.0,FLVLSKRDP,0.3312393785604783,1.0,WT-like,sensitive
114,anidulafungin,single,1.0,FLVLSL*DP,-0.2437961846716289,1.0,WT-like,sensitive
115,anidulafungin,single,1.0,FLVLSLADP,1.2408012615215962,1.0,intermediary,resistant
116,anidulafungin,single,1.0,FLVLSLCDP,0.0636262970151327,1.0,WT-like,sensitive
117,anidulafungin,single,1.0,FLVLSLDDP,0.2910086006589992,1.0,WT-like,sensitive
118,anidulafungin,single,1.0,FLVLSLEDP,-0.0713611719793598,1.0,WT-like,sensitive
119,anidulafungin,single,1.0,FLVLSLFDP,-0.0732296678335482,1.0,WT-like,sensitive
120,anidulafungin,single,1.0,FLVLSLGDP,2.071182410455351,1.0,resistant,resistant
121,anidulafungin,single,1.0,FLVLSLHDP,0.9567451280548728,2.0,intermediary,resistant
122,anidulafungin,single,1.0,FLVLSLIDP,-0.2631730858500675,1.0,WT-like,sensitive
123,anidulafungin,single,1.0,FLVLSLKDP,0.018945476310342,1.0,WT-like,sensitive
124,anidulafungin,single,1.0,FLVLSLLDP,0.04139207399985455,1.0,WT-like,sensitive
125,anidulafungin,single,1.0,FLVLSLMDP,-0.1124874108512781,1.0,WT-like,sensitive
126,anidulafungin,single,1.0,FLVLSLNDP,0.6862772918584187,1.0,intermediary,resistant
127,anidulafungin,single,1.0,FLVLSLPDP,0.8121625117684608,1.0,intermediary,resistant
128,anidulafungin,single,1.0,FLVLSLQDP,0.173718803277022,1.0,WT-like,sensitive
129,anidulafungin,single,1.0,FLVLSLR*P,0.4631029975907659,1.0,WT-like,sensitive
130,anidulafungin,single,1.0,FLVLSLRAP,2.0730484312321407,1.0,resistant,resistant
131,anidulafungin,single,1.0,FLVLSLRCP,2.059917204112487,1.0,resistant,resistant
132,anidulafungin,single,1.0,FLVLSLRD*,0.104349114601852,1.0,WT-like,sensitive
133,anidulafungin,single,1.0,FLVLSLRDA,2.0372222810964375,1.0,resistant,resistant
134,anidulafungin,single,1.0,FLVLSLRDC,1.4348219812702063,3.0,intermediary,resistant
135,anidulafungin,single,1.0,FLVLSLRDD,2.0569097798893923,1.0,resistant,resistant
136,anidulafungin,single,1.0,FLVLSLRDE,2.042599446001528,1.0,resistant,resistant
137,anidulafungin,single,1.0,FLVLSLRDF,1.9429831552093697,1.0,resistant,resistant
138,anidulafungin,single,1.0,FLVLSLRDG,1.978832557521256,1.0,resistant,resistant
139,anidulafungin,single,1.0,FLVLSLRDH,1.97326632819742,1.0,resistant,resistant
140,anidulafungin,single,1.0,FLVLSLRDI,2.006296248601556,1.0,resistant,resistant
141,anidulafungin,single,1.0,FLVLSLRDK,1.8897436448901133,1.0,resistant,resistant
142,anidulafungin,single,1.0,FLVLSLRDL,1.9752749791078064,1.0,resistant,resistant
143,anidulafungin,single,1.0,FLVLSLRDM,2.061749616206308,1.0,resistant,resistant
144,anidulafungin,single,1.0,FLVLSLRDR,1.5408666095284258,1.0,intermediary,resistant
145,anidulafungin,single,1.0,FLVLSLRDS,1.955436536074404,1.0,resistant,resistant
146,anidulafungin,single,1.0,FLVLSLRDT,2.0456699662434037,1.0,resistant,resistant
147,anidulafungin,single,1.0,FLVLSLRDV,1.9565314741843491,1.0,resistant,resistant
148,anidulafungin,single,1.0,FLVLSLRDW,0.6483651051537618,1.0,WT-like,sensitive
149,anidulafungin,single,1.0,FLVLSLRDY,1.844483126241811,1.0,intermediary,resistant
150,anidulafungin,single,1.0,FLVLSLREP,1.6853919788250098,1.0,intermediary,resistant
151,anidulafungin,single,1.0,FLVLSLRFP,1.9858033940448043,1.0,resistant,resistant
152,anidulafungin,single,1.0,FLVLSLRGP,1.829796622390425,1.0,intermediary,resistant
153,anidulafungin,single,1.0,FLVLSLRHP,1.999754408238024,1.0,resistant,resistant
154,anidulafungin,single,1.0,FLVLSLRIP,2.0323064697904147,1.0,resistant,resistant
155,anidulafungin,single,1.0,FLVLSLRKP,1.1746870154052385,1.0,intermediary,resistant
156,anidulafungin,single,1.0,FLVLSLRLP,1.077575226710672,1.0,intermediary,resistant
157,anidulafungin,single,1.0,FLVLSLRMP,1.6530738168778831,1.0,intermediary,resistant
158,anidulafungin,single,1.0,FLVLSLRNP,1.5856898274930389,1.0,intermediary,resistant
159,anidulafungin,single,1.0,FLVLSLRPP,2.0193773906044514,1.0,resistant,resistant
160,anidulafungin,single,1.0,FLVLSLRQP,1.4248502497351183,1.0,intermediary,resistant
161,anidulafungin,single,1.0,FLVLSLRRP,2.0368694989918206,1.0,resistant,resistant
162,anidulafungin,single,1.0,FLVLSLRSP,2.0822551557227627,1.0,resistant,resistant
163,anidulafungin,single,1.0,FLVLSLRTP,2.0583476250653003,1.0,resistant,resistant
164,anidulafungin,single,1.0,FLVLSLRVP,2.0539513458961496,1.0,resistant,resistant
165,anidulafungin,single,1.0,FLVLSLRWP,1.8084798423566848,1.0,intermediary,resistant
166,anidulafungin,single,1.0,FLVLSLRYP,2.0266627506275365,1.0,resistant,resistant
167,anidulafungin,single,1.0,FLVLSLSDP,1.1280737452460257,1.0,intermediary,resistant
168,anidulafungin,single,1.0,FLVLSLTDP,0.3154575840275978,1.0,WT-like,sensitive
169,anidulafungin,single,1.0,FLVLSLVDP,-0.03385536295440745,1.0,WT-like,sensitive
170,anidulafungin,single,1.0,FLVLSLWDP,0.5203352528123084,1.0,WT-like,sensitive
171,anidulafungin,single,1.0,FLVLSLYDP,-0.0100907809415597,1.0,WT-like,sensitive
172,anidulafungin,single,1.0,FLVLSMRDP,0.0724899236245298,1.0,WT-like,sensitive
173,anidulafungin,single,1.0,FLVLSNRDP,-0.1580372390988788,1.0,WT-like,sensitive
174,anidulafungin,single,1.0,FLVLSPRDP,-0.016790252499076,1.0,WT-like,sensitive
175,anidulafungin,single,1.0,FLVLSQRDP,2.0625731366201965,1.0,resistant,resistant
176,anidulafungin,single,1.0,FLVLSRRDP,2.060062515995763,1.0,resistant,resistant
177,anidulafungin,single,1.0,FLVLSSRDP,-0.1450322674729466,1.0,WT-like,sensitive
178,anidulafungin,single,1.0,FLVLSTRDP,-0.11430591264578885,1.0,WT-like,sensitive
179,anidulafungin,single,1.0,FLVLSVRDP,-0.22180950587821685,1.0,WT-like,sensitive
180,anidulafungin,single,1.0,FLVLSWRDP,1.950980700729,1.0,resistant,resistant
181,anidulafungin,single,1.0,FLVLSYRDP,-0.2869669693093264,1.0,WT-like,sensitive
182,anidulafungin,single,1.0,FLVLTLRDP,1.8738818016872436,1.0,resistant,resistant
183,anidulafungin,single,1.0,FLVLVLRDP,1.4958345559868114,1.0,intermediary,resistant
184,anidulafungin,single,1.0,FLVLWLRDP,1.0023736795684846,1.0,intermediary,resistant
185,anidulafungin,single,1.0,FLVLYLRDP,1.986245579111758,1.0,resistant,resistant
186,anidulafungin,single,1.0,FLVMSLRDP,-0.5734907456703022,1.0,WT-like,sensitive
187,anidulafungin,single,1.0,FLVNSLRDP,0.0891033311532313,1.0,WT-like,sensitive
188,anidulafungin,single,1.0,FLVPSLRDP,-0.1903453807814049,1.0,WT-like,sensitive
189,anidulafungin,single,1.0,FLVQSLRDP,0.0110481587159086,1.0,WT-like,sensitive
190,anidulafungin,single,1.0,FLVRSLRDP,-0.1099343804716856,1.0,WT-like,sensitive
191,anidulafungin,single,1.0,FLVSSLRDP,-0.2386637172282502,1.0,WT-like,sensitive
192,anidulafungin,single,1.0,FLVTSLRDP,-0.16715581692133635,1.0,WT-like,sensitive
193,anidulafungin,single,1.0,FLVVSLRDP,0.569144648126207,1.0,WT-like,sensitive
194,anidulafungin,single,1.0,FLVWSLRDP,2.1029311142502563,1.0,resistant,resistant
195,anidulafungin,single,1.0,FLVYSLRDP,2.0509647507316244,1.0,resistant,resistant
196,anidulafungin,single,1.0,FLYLSLRDP,0.1352432255959771,1.0,WT-like,sensitive
197,anidulafungin,single,1.0,FMVLSLRDP,0.378951299287865,1.0,WT-like,sensitive
198,anidulafungin,single,1.0,FNVLSLRDP,-0.0010045603747593,1.0,WT-like,sensitive
199,anidulafungin,single,1.0,FPVLSLRDP,0.10565425660127409,1.0,WT-like,sensitive
200,anidulafungin,single,1.0,FQVLSLRDP,0.1810342890726254,1.0,WT-like,sensitive
201,anidulafungin,single,1.0,FRVLSLRDP,1.7706546665087557,1.0,intermediary,resistant
202,anidulafungin,single,1.0,FSVLSLRDP,1.714943235825598,1.0,intermediary,resistant
203,anidulafungin,single,1.0,FTVLSLRDP,0.9797862173839678,1.0,intermediary,resistant
204,anidulafungin,single,1.0,FVVLSLRDP,-0.06523156089282475,1.0,WT-like,sensitive
205,anidulafungin,single,1.0,FWVLSLRDP,0.0725624783980725,1.0,WT-like,sensitive
206,anidulafungin,single,1.0,FYVLSLRDP,0.3239969476840786,1.0,WT-like,sensitive
207,anidulafungin,single,1.0,GLVLSLRDP,2.164996123536497,1.0,resistant,resistant
208,anidulafungin,single,1.0,HLVLSLRDP,1.9349500450917767,1.0,resistant,resistant
209,anidulafungin,single,1.0,ILVLSLRDP,2.072663095724661,1.0,resistant,resistant
210,anidulafungin,single,1.0,KLVLSLRDP,2.0535101871715984,1.0,resistant,resistant
211,anidulafungin,single,1.0,LLVLSLRDP,0.1713573551768001,1.0,WT-like,sensitive
212,anidulafungin,single,1.0,MLVLSLRDP,-0.1856491031040438,1.0,WT-like,sensitive
213,anidulafungin,single,1.0,NLVLSLRDP,1.3417611659015425,1.0,intermediary,resistant
214,anidulafungin,single,1.0,PLVLSLRDP,2.0333586237528847,1.0,resistant,resistant
215,anidulafungin,single,1.0,QLVLSLRDP,-0.7320736085921717,1.0,WT-like,sensitive
216,anidulafungin,single,1.0,RLVLSLRDP,2.098228780987088,1.0,resistant,resistant
217,anidulafungin,single,1.0,SLVLSLRDP,2.093609574115439,1.0,resistant,resistant
218,anidulafungin,single,1.0,TLVLSLRDP,1.8075870782363244,1.0,intermediary,resistant
219,anidulafungin,single,1.0,VLVLSLRDP,1.960921607259425,1.0,resistant,resistant
220,anidulafungin,single,1.0,WLVLSLRDP,1.7718006226148215,1.0,intermediary,resistant
221,anidulafungin,single,1.0,YLVLSLRDP,2.0926291384467293,1.0,resistant,resistant
222,caspofungin,ortho,1.0,FLILSLRDP,-0.1748943757894187,1.0,WT-like,sensitive
223,caspofungin,ortho,1.0,FLTLSLRDP,0.1282044594404839,1.0,WT-like,sensitive
224,caspofungin,ortho,2.0,FLALSFRDP,-0.1509992351162518,1.0,WT-like,sensitive
225,caspofungin,ortho,2.0,FLALSIRDP,-0.0092264530838578,1.0,WT-like,sensitive
226,caspofungin,ortho,2.0,FLSLSFRDP,1.3521852101065162,1.0,intermediary,resistant
227,caspofungin,ortho,2.0,FLTLSFRDP,0.194558189311227,1.0,WT-like,sensitive
228,caspofungin,ortho,2.0,FLTLSIRDP,0.1120735636279762,1.0,WT-like,sensitive
229,caspofungin,ortho,2.0,FLTLSLKDP,-0.0694311112557992,1.0,WT-like,sensitive
230,caspofungin,ortho,2.0,FLTLSLRDA,1.7718981205721986,1.0,intermediary,resistant
231,caspofungin,ortho,2.0,FLTLSLVDP,-0.3917477100705889,1.0,WT-like,sensitive
232,caspofungin,ortho,2.0,FLTLSVRDP,0.0296098531070705,1.0,WT-like,sensitive
233,caspofungin,ortho,2.0,FMALSLRDP,0.1739521043204868,1.0,WT-like,sensitive
234,caspofungin,ortho,2.0,YLILSLRDP,1.8944924700350767,1.0,resistant,resistant
235,caspofungin,ortho,2.0,YLTLSLRDP,2.012838855197505,1.0,resistant,resistant
236,caspofungin,ortho,3.0,ALTLSFRDP,1.9902159717091723,1.0,resistant,resistant
237,caspofungin,ortho,3.0,FLALSFKDP,-0.0996073262839506,1.0,WT-like,sensitive
238,caspofungin,ortho,3.0,FLALSFRDA,1.9337613477509927,1.0,resistant,resistant
239,caspofungin,ortho,3.0,FLIKSLIDP,-0.0736673878337679,1.0,WT-like,sensitive
240,caspofungin,ortho,3.0,FLTHSFRDP,1.9533475657944024,1.0,resistant,resistant
241,caspofungin,ortho,3.0,FLTLSAKDP,-0.2577841726368732,1.0,WT-like,sensitive
242,caspofungin,ortho,3.0,FLTLSFKDP,0.1445949635814918,1.0,WT-like,sensitive
243,caspofungin,ortho,3.0,FLTLSFRDT,0.2031045146586109,1.0,WT-like,sensitive
244,caspofungin,ortho,3.0,FLTLSIKDP,-0.1333171233645845,1.0,WT-like,sensitive
245,caspofungin,ortho,3.0,YLALSFRDP,1.9296646472173296,1.0,resistant,resistant
246,caspofungin,ortho,3.0,YLILSFRDP,1.9597123064705573,1.0,resistant,resistant
247,caspofungin,ortho,3.0,YLILSIRDP,1.9849930851800008,1.0,resistant,resistant
248,caspofungin,ortho,3.0,YLTLSFRDP,1.930500717917684,1.0,resistant,resistant
249,caspofungin,ortho,3.0,YLTLSIRDP,1.97524051478593,1.0,resistant,resistant
250,caspofungin,ortho,4.0,FLALNLSDS,1.9554224396204056,1.0,resistant,resistant
251,caspofungin,ortho,4.0,FLTLNLADS,2.031949842111008,1.0,resistant,resistant
252,caspofungin,ortho,4.0,FLTLNLSDS,1.9509437264422311,1.0,resistant,resistant
253,caspofungin,ortho,4.0,FLTLSFENP,0.8479833160092738,1.0,intermediary,resistant
254,caspofungin,ortho,4.0,SLTLSFRDV,1.9434690730106845,1.0,resistant,resistant
255,caspofungin,ortho,4.0,YLALSFKDP,1.9271874116102776,1.0,resistant,resistant
256,caspofungin,ortho,4.0,YLTLSFKDP,1.897366231213517,1.0,resistant,resistant
257,caspofungin,ortho,4.0,YLTLSFRDA,1.9796393144905136,1.0,resistant,resistant
258,caspofungin,ortho,4.0,YLTLSFRDV,1.797126340842207,1.0,resistant,resistant
259,caspofungin,ortho,4.0,YLTLSFSDP,1.9446352151066448,1.0,resistant,resistant
260,caspofungin,ortho,4.0,YLTLSIKDP,1.916641542212384,1.0,resistant,resistant
261,caspofungin,ortho,4.0,YLTRSFRDP,2.0064570171567726,1.0,resistant,resistant
262,caspofungin,ortho,5.0,ALALNIKDP,2.029950806302021,1.0,resistant,resistant
263,caspofungin,ortho,5.0,FLTSSFSSP,1.9378781584512623,1.0,resistant,resistant
264,caspofungin,ortho,5.0,YLTLAFRDS,1.938060564991563,1.0,resistant,resistant
265,caspofungin,ortho,6.0,YLTRAFRDS,1.958903616762687,1.0,resistant,resistant
266,caspofungin,ortho,7.0,AICSDLRED,1.732952897637286,1.0,intermediary,resistant
267,caspofungin,ortho,7.0,LQIRPLIAP,2.047162724455024,1.0,resistant,resistant
268,caspofungin,ortho,7.0,LQVKPMIKP,2.020696262771221,1.0,resistant,resistant
269,caspofungin,ortho,7.0,VLTLLVTQH,1.6041546880585404,1.0,intermediary,resistant
270,caspofungin,single,0.0,FLVLSLRDP,0.0210544779781221,1.0,WT-like,sensitive
271,caspofungin,single,1.0,*LVLSLRDP,0.2568665143499401,1.0,WT-like,sensitive
272,caspofungin,single,1.0,ALVLSLRDP,1.82578004077491,1.0,resistant,resistant
273,caspofungin,single,1.0,DLVLSLRDP,1.8737294577825248,1.0,resistant,resistant
274,caspofungin,single,1.0,ELVLSLRDP,1.9108942475237063,1.0,resistant,resistant
275,caspofungin,single,1.0,F*VLSLRDP,0.1774964055856257,1.0,WT-like,sensitive
276,caspofungin,single,1.0,FAVLSLRDP,0.4290324392290033,1.0,WT-like,sensitive
277,caspofungin,single,1.0,FCVLSLRDP,-0.2532504232080319,1.0,WT-like,sensitive
278,caspofungin,single,1.0,FEVLSLRDP,-0.0058390464436091,1.0,WT-like,sensitive
279,caspofungin,single,1.0,FFVLSLRDP,-0.1632607285009736,1.0,WT-like,sensitive
280,caspofungin,single,1.0,FGVLSLRDP,0.23881227275530897,1.0,WT-like,sensitive
281,caspofungin,single,1.0,FHVLSLRDP,0.5901488534419814,1.0,WT-like,sensitive
282,caspofungin,single,1.0,FIVLSLRDP,0.0190737597784487,1.0,WT-like,sensitive
283,caspofungin,single,1.0,FKVLSLRDP,0.188470920268469,1.0,WT-like,sensitive
284,caspofungin,single,1.0,FL*LSLRDP,-0.0113111093131342,1.0,WT-like,sensitive
285,caspofungin,single,1.0,FLALSLRDP,0.5665210476433054,1.0,WT-like,sensitive
286,caspofungin,single,1.0,FLCLSLRDP,-0.28265353258843,1.0,WT-like,sensitive
287,caspofungin,single,1.0,FLDLSLRDP,1.1582058890966418,2.0,intermediary,resistant
288,caspofungin,single,1.0,FLELSLRDP,-0.1977874899136741,1.0,WT-like,sensitive
289,caspofungin,single,1.0,FLFLSLRDP,-0.0675721857954723,1.0,WT-like,sensitive
290,caspofungin,single,1.0,FLGLSLRDP,0.48698725026021467,1.0,WT-like,sensitive
291,caspofungin,single,1.0,FLHLSLRDP,1.703127683980292,1.0,intermediary,resistant
292,caspofungin,single,1.0,FLILSLRDP,0.093658331731118,1.0,WT-like,sensitive
293,caspofungin,single,1.0,FLKLSLRDP,1.6222817341079274,1.0,intermediary,resistant
294,caspofungin,single,1.0,FLLLSLRDP,-0.1725556207825994,1.0,WT-like,sensitive
295,caspofungin,single,1.0,FLMLSLRDP,-0.0768028987089866,1.0,WT-like,sensitive
296,caspofungin,single,1.0,FLNLSLRDP,1.2889256131420863,2.0,intermediary,resistant
297,caspofungin,single,1.0,FLPLSLRDP,1.6997436941240909,1.0,intermediary,resistant
298,caspofungin,single,1.0,FLQLSLRDP,-0.0163866962086371,1.0,WT-like,sensitive
299,caspofungin,single,1.0,FLRLSLRDP,1.6192433325407198,1.0,intermediary,resistant
300,caspofungin,single,1.0,FLSLSLRDP,0.4443811229634132,1.0,WT-like,sensitive
301,caspofungin,single,1.0,FLTLSLRDP,0.11758016429156622,1.0,WT-like,sensitive
302,caspofungin,single,1.0,FLV*SLRDP,0.3867918492147182,1.0,WT-like,sensitive
303,caspofungin,single,1.0,FLVASLRDP,0.4158351241528667,1.0,WT-like,sensitive
304,caspofungin,single,1.0,FLVCSLRDP,0.1751884294413358,1.0,WT-like,sensitive
305,caspofungin,single,1.0,FLVDSLRDP,-0.2321417210300944,1.0,WT-like,sensitive
306,caspofungin,single,1.0,FLVESLRDP,0.0090197646210608,1.0,WT-like,sensitive
307,caspofungin,single,1.0,FLVFSLRDP,1.9195727635844848,1.0,resistant,resistant
308,caspofungin,single,1.0,FLVHSLRDP,1.9712458632948824,1.0,resistant,resistant
309,caspofungin,single,1.0,FLVISLRDP,-0.083411311323155,1.0,WT-like,sensitive
310,caspofungin,single,1.0,FLVL*LRDP,0.4431071219181107,1.0,WT-like,sensitive
311,caspofungin,single,1.0,FLVLALRDP,0.09885764841752234,1.0,WT-like,sensitive
312,caspofungin,single,1.0,FLVLCLRDP,1.4548073055110953,1.0,intermediary,resistant
313,caspofungin,single,1.0,FLVLDLRDP,1.7860459765881207,1.0,resistant,resistant
314,caspofungin,single,1.0,FLVLELRDP,1.902214422668573,1.0,resistant,resistant
315,caspofungin,single,1.0,FLVLFLRDP,1.9033540073858344,1.0,resistant,resistant
316,caspofungin,single,1.0,FLVLGLRDP,0.6957890908475458,1.0,intermediary,resistant
317,caspofungin,single,1.0,FLVLHLRDP,1.949592865722527,1.0,resistant,resistant
318,caspofungin,single,1.0,FLVLILRDP,1.8053299041405229,1.0,resistant,resistant
319,caspofungin,single,1.0,FLVLKLRDP,1.8818492208664344,1.0,resistant,resistant
320,caspofungin,single,1.0,FLVLLLRDP,1.4051130723215006,1.0,intermediary,resistant
321,caspofungin,single,1.0,FLVLMLRDP,1.4391504631076033,1.0,intermediary,resistant
322,caspofungin,single,1.0,FLVLNLRDP,1.9640619455296373,1.0,resistant,resistant
323,caspofungin,single,1.0,FLVLPLRDP,1.9398727162388134,1.0,resistant,resistant
324,caspofungin,single,1.0,FLVLQLRDP,1.907772336303664,1.0,resistant,resistant
325,caspofungin,single,1.0,FLVLRLRDP,1.942061123203436,1.0,resistant,resistant
326,caspofungin,single,1.0,FLVLS*RDP,0.2368427520429237,1.0,WT-like,sensitive
327,caspofungin,single,1.0,FLVLSARDP,-0.13490252010024575,1.0,WT-like,sensitive
328,caspofungin,single,1.0,FLVLSCRDP,0.065871451125281,1.0,WT-like,sensitive
329,caspofungin,single,1.0,FLVLSDRDP,-0.0680026450111549,1.0,WT-like,sensitive
330,caspofungin,single,1.0,FLVLSERDP,1.532385962771558,1.0,intermediary,resistant
331,caspofungin,single,1.0,FLVLSFRDP,0.1007555952070741,1.0,WT-like,sensitive
332,caspofungin,single,1.0,FLVLSGRDP,-0.3272763569291465,1.0,WT-like,sensitive
333,caspofungin,single,1.0,FLVLSHRDP,1.948020457327021,1.0,resistant,resistant
334,caspofungin,single,1.0,FLVLSIRDP,-0.1120535875826428,1.0,WT-like,sensitive
335,caspofungin,single,1.0,FLVLSKRDP,1.4691492615582613,1.0,intermediary,resistant
336,caspofungin,single,1.0,FLVLSL*DP,0.2680711487111946,1.0,WT-like,sensitive
337,caspofungin,single,1.0,FLVLSLADP,1.117471568602867,1.0,intermediary,resistant
338,caspofungin,single,1.0,FLVLSLCDP,0.0747451982279457,1.0,WT-like,sensitive
339,caspofungin,single,1.0,FLVLSLDDP,0.1241107576186018,1.0,WT-like,sensitive
340,caspofungin,single,1.0,FLVLSLEDP,0.0544873796381407,1.0,WT-like,sensitive
341,caspofungin,single,1.0,FLVLSLFDP,-0.1936973316535508,1.0,WT-like,sensitive
342,caspofungin,single,1.0,FLVLSLGDP,1.9004265583782824,1.0,resistant,resistant
343,caspofungin,single,1.0,FLVLSLHDP,0.9388020237039376,2.0,intermediary,resistant
344,caspofungin,single,1.0,FLVLSLIDP,0.0993984182685722,1.0,WT-like,sensitive
345,caspofungin,single,1.0,FLVLSLKDP,-0.0083388372508896,1.0,WT-like,sensitive
346,caspofungin,single,1.0,FLVLSLLDP,-0.0712227264866669,1.0,WT-like,sensitive
347,caspofungin,single,1.0,FLVLSLMDP,-0.1699242313430287,1.0,WT-like,sensitive
348,caspofungin,single,1.0,FLVLSLNDP,0.3969310881475785,1.0,WT-like,sensitive
349,caspofungin,single,1.0,FLVLSLPDP,1.4718897726468192,1.0,intermediary,resistant
350,caspofungin,single,1.0,FLVLSLQDP,0.0075700445700875,1.0,WT-like,sensitive
351,caspofungin,single,1.0,FLVLSLR*P,0.3916032419125802,1.0,WT-like,sensitive
352,caspofungin,single,1.0,FLVLSLRAP,1.9661887734773322,1.0,resistant,resistant
353,caspofungin,single,1.0,FLVLSLRCP,1.9328131702697349,1.0,resistant,resistant
354,caspofungin,single,1.0,FLVLSLRD*,0.4308387125972772,1.0,WT-like,sensitive
355,caspofungin,single,1.0,FLVLSLRDA,1.8395128676983963,1.0,resistant,resistant
356,caspofungin,single,1.0,FLVLSLRDC,1.4909540537723551,3.0,intermediary,resistant
357,caspofungin,single,1.0,FLVLSLRDD,1.913439173737596,1.0,resistant,resistant
358,caspofungin,single,1.0,FLVLSLRDE,1.9261363910469749,1.0,resistant,resistant
359,caspofungin,single,1.0,FLVLSLRDF,1.8667622615974395,1.0,resistant,resistant
360,caspofungin,single,1.0,FLVLSLRDG,1.7115088691365141,1.0,intermediary,resistant
361,caspofungin,single,1.0,FLVLSLRDH,1.880598435586661,1.0,resistant,resistant
362,caspofungin,single,1.0,FLVLSLRDI,1.860511508344162,1.0,resistant,resistant
363,caspofungin,single,1.0,FLVLSLRDK,1.768296323993932,1.0,intermediary,resistant
364,caspofungin,single,1.0,FLVLSLRDL,1.8273452913527093,1.0,resistant,resistant
365,caspofungin,single,1.0,FLVLSLRDM,1.922865547429213,1.0,resistant,resistant
366,caspofungin,single,1.0,FLVLSLRDR,1.7504560091784045,1.0,intermediary,resistant
367,caspofungin,single,1.0,FLVLSLRDS,1.6279555285458056,1.0,intermediary,resistant
368,caspofungin,single,1.0,FLVLSLRDT,1.8375476325851583,1.0,resistant,resistant
369,caspofungin,single,1.0,FLVLSLRDV,1.8168299935052135,1.0,resistant,resistant
370,caspofungin,single,1.0,FLVLSLRDW,0.0811550719518923,1.0,WT-like,sensitive
371,caspofungin,single,1.0,FLVLSLRDY,1.7301886323174345,1.0,intermediary,resistant
372,caspofungin,single,1.0,FLVLSLREP,1.69738742076541,1.0,intermediary,resistant
373,caspofungin,single,1.0,FLVLSLRFP,1.883859329672728,1.0,resistant,resistant
374,caspofungin,single,1.0,FLVLSLRGP,1.5797796634109662,1.0,intermediary,resistant
375,caspofungin,single,1.0,FLVLSLRHP,1.931783189504044,1.0,resistant,resistant
376,caspofungin,single,1.0,FLVLSLRIP,1.9199085540877256,1.0,resistant,resistant
377,caspofungin,single,1.0,FLVLSLRKP,1.8206992192153963,1.0,resistant,resistant
378,caspofungin,single,1.0,FLVLSLRLP,1.35153782504319,1.0,intermediary,resistant
379,caspofungin,single,1.0,FLVLSLRMP,1.8189111703107863,1.0,resistant,resistant
380,caspofungin,single,1.0,FLVLSLRNP,1.0218763862163829,1.0,intermediary,resistant
381,caspofungin,single,1.0,FLVLSLRPP,1.9135052215714634,1.0,resistant,resistant
382,caspofungin,single,1.0,FLVLSLRQP,1.7415461958146392,1.0,intermediary,resistant
383,caspofungin,single,1.0,FLVLSLRRP,1.9466081368856893,1.0,resistant,resistant
384,caspofungin,single,1.0,FLVLSLRSP,1.953480872136204,1.0,resistant,resistant
385,caspofungin,single,1.0,FLVLSLRTP,1.939495023790767,1.0,resistant,resistant
386,caspofungin,single,1.0,FLVLSLRVP,1.9188336285687948,1.0,resistant,resistant
387,caspofungin,single,1.0,FLVLSLRWP,1.8656951035321248,1.0,resistant,resistant
388,caspofungin,single,1.0,FLVLSLRYP,1.898621342318164,1.0,resistant,resistant
389,caspofungin,single,1.0,FLVLSLSDP,0.988961290467518,1.0,intermediary,resistant
390,caspofungin,single,1.0,FLVLSLTDP,0.16964975623564335,1.0,WT-like,sensitive
391,caspofungin,single,1.0,FLVLSLVDP,-0.05025225524792945,1.0,WT-like,sensitive
392,caspofungin,single,1.0,FLVLSLWDP,0.4858095284236171,1.0,WT-like,sensitive
393,caspofungin,single,1.0,FLVLSLYDP,-0.164319226000593,1.0,WT-like,sensitive
394,caspofungin,single,1.0,FLVLSMRDP,0.0170892624259804,1.0,WT-like,sensitive
395,caspofungin,single,1.0,FLVLSNRDP,-0.1371682229664473,1.0,WT-like,sensitive
396,caspofungin,single,1.0,FLVLSPRDP,-0.015407045231458597,1.0,WT-like,sensitive
397,caspofungin,single,1.0,FLVLSQRDP,1.9499049702592304,1.0,resistant,resistant
398,caspofungin,single,1.0,FLVLSRRDP,1.9169750228067715,1.0,resistant,resistant
399,caspofungin,single,1.0,FLVLSSRDP,-0.0696605526372767,1.0,WT-like,sensitive
400,caspofungin,single,1.0,FLVLSTRDP,-0.01215005815340035,1.0,WT-like,sensitive
401,caspofungin,single,1.0,FLVLSVRDP,-0.19177112079378364,1.0,WT-like,sensitive
402,caspofungin,single,1.0,FLVLSWRDP,1.6788041570437993,1.0,intermediary,resistant
403,caspofungin,single,1.0,FLVLSYRDP,-0.1194234479457003,1.0,WT-like,sensitive
404,caspofungin,single,1.0,FLVLTLRDP,1.8492788905246715,1.0,resistant,resistant
405,caspofungin,single,1.0,FLVLVLRDP,1.0644416590044088,1.0,intermediary,resistant
406,caspofungin,single,1.0,FLVLWLRDP,0.902382420866483,1.0,intermediary,resistant
407,caspofungin,single,1.0,FLVLYLRDP,1.858531660704805,1.0,resistant,resistant
408,caspofungin,single,1.0,FLVMSLRDP,-0.1269562812544558,1.0,WT-like,sensitive
409,caspofungin,single,1.0,FLVNSLRDP,0.1691328583597965,1.0,WT-like,sensitive
410,caspofungin,single,1.0,FLVPSLRDP,-0.2128051545892588,1.0,WT-like,sensitive
411,caspofungin,single,1.0,FLVQSLRDP,-0.1746139280975416,1.0,WT-like,sensitive
412,caspofungin,single,1.0,FLVRSLRDP,1.7187526406597038,1.0,intermediary,resistant
413,caspofungin,single,1.0,FLVSSLRDP,-0.1077376478567232,1.0,WT-like,sensitive
414,caspofungin,single,1.0,FLVTSLRDP,-0.2807648533739351,1.0,WT-like,sensitive
415,caspofungin,single,1.0,FLVVSLRDP,0.4993996409379883,1.0,WT-like,sensitive
416,caspofungin,single,1.0,FLVWSLRDP,1.9672475087080792,1.0,resistant,resistant
417,caspofungin,single,1.0,FLVYSLRDP,1.9310165132017632,1.0,resistant,resistant
418,caspofungin,single,1.0,FLYLSLRDP,0.6117504608324977,1.0,WT-like,sensitive
419,caspofungin,single,1.0,FMVLSLRDP,0.0057181344164281,1.0,WT-like,sensitive
420,caspofungin,single,1.0,FNVLSLRDP,-0.0354628716650813,1.0,WT-like,sensitive
421,caspofungin,single,1.0,FPVLSLRDP,0.10529447773165308,1.0,WT-like,sensitive
422,caspofungin,single,1.0,FQVLSLRDP,0.0469470292380372,1.0,WT-like,sensitive
423,caspofungin,single,1.0,FRVLSLRDP,1.503944605752011,1.0,intermediary,resistant
424,caspofungin,single,1.0,FSVLSLRDP,0.9667704621297014,1.0,intermediary,resistant
425,caspofungin,single,1.0,FTVLSLRDP,1.4766314250173553,1.0,intermediary,resistant
426,caspofungin,single,1.0,FVVLSLRDP,0.12486813474890394,1.0,WT-like,sensitive
427,caspofungin,single,1.0,FWVLSLRDP,0.2530297605847851,1.0,WT-like,sensitive
428,caspofungin,single,1.0,FYVLSLRDP,0.1014997961726666,1.0,WT-like,sensitive
429,caspofungin,single,1.0,GLVLSLRDP,2.0084785600068,1.0,resistant,resistant
430,caspofungin,single,1.0,HLVLSLRDP,1.947229549533244,1.0,resistant,resistant
431,caspofungin,single,1.0,ILVLSLRDP,1.91442288344846,1.0,resistant,resistant
432,caspofungin,single,1.0,KLVLSLRDP,1.941837949869856,1.0,resistant,resistant
433,caspofungin,single,1.0,LLVLSLRDP,1.698533097662677,1.0,intermediary,resistant
434,caspofungin,single,1.0,MLVLSLRDP,0.0908527405812651,1.0,WT-like,sensitive
435,caspofungin,single,1.0,NLVLSLRDP,1.338250316424567,1.0,intermediary,resistant
436,caspofungin,single,1.0,PLVLSLRDP,1.9106493834392337,1.0,resistant,resistant
437,caspofungin,single,1.0,QLVLSLRDP,1.975203274234377,1.0,resistant,resistant
438,caspofungin,single,1.0,RLVLSLRDP,1.9898107209625628,1.0,resistant,resistant
439,caspofungin,single,1.0,SLVLSLRDP,1.919882228114825,1.0,resistant,resistant
440,caspofungin,single,1.0,TLVLSLRDP,1.6278116603536454,1.0,intermediary,resistant
441,caspofungin,single,1.0,VLVLSLRDP,1.884107260281876,1.0,resistant,resistant
442,caspofungin,single,1.0,WLVLSLRDP,1.3995672502030616,1.0,intermediary,resistant
443,caspofungin,single,1.0,YLVLSLRDP,1.916435281826863,1.0,resistant,resistant
444,micafungin,ortho,1.0,FLILSLRDP,0.0706799041267439,1.0,WT-like,sensitive
445,micafungin,ortho,1.0,FLTLSLRDP,-0.1592372436169796,1.0,WT-like,sensitive
446,micafungin,ortho,2.0,FLALSFRDP,-0.0057179965785126,1.0,WT-like,sensitive
447,micafungin,ortho,2.0,FLALSIRDP,0.106098484367141,1.0,WT-like,sensitive
448,micafungin,ortho,2.0,FLSLSFRDP,1.7477969585760378,1.0,intermediary,resistant
449,micafungin,ortho,2.0,FLTLSFRDP,-0.057486919746411,1.0,WT-like,sensitive
450,micafungin,ortho,2.0,FLTLSIRDP,-0.0007844070000724,1.0,WT-like,sensitive
451,micafungin,ortho,2.0,FLTLSLKDP,0.2630127318026436,1.0,WT-like,sensitive
452,micafungin,ortho,2.0,FLTLSLRDA,1.6425926482035975,1.0,intermediary,resistant
453,micafungin,ortho,2.0,FLTLSLVDP,0.2490376713509376,1.0,WT-like,sensitive
454,micafungin,ortho,2.0,FLTLSVRDP,-0.1675287954358856,1.0,WT-like,sensitive
455,micafungin,ortho,2.0,FMALSLRDP,-0.2232742917985837,1.0,WT-like,sensitive
456,micafungin,ortho,2.0,YLILSLRDP,1.4542710989991925,1.0,intermediary,resistant
457,micafungin,ortho,2.0,YLTLSLRDP,1.932300767775948,1.0,intermediary,resistant
458,micafungin,ortho,3.0,ALTLSFRDP,2.18958967138183,1.0,resistant,resistant
459,micafungin,ortho,3.0,FLALSFKDP,0.0290777347064723,1.0,WT-like,sensitive
460,micafungin,ortho,3.0,FLALSFRDA,2.129117874980804,1.0,resistant,resistant
461,micafungin,ortho,3.0,FLIKSLIDP,-0.0420824985575436,1.0,WT-like,sensitive
462,micafungin,ortho,3.0,FLTHSFRDP,2.162517453523815,1.0,resistant,resistant
463,micafungin,ortho,3.0,FLTLSAKDP,-0.2636395972017673,1.0,WT-like,sensitive
464,micafungin,ortho,3.0,FLTLSFKDP,0.1905760067619895,1.0,WT-like,sensitive
465,micafungin,ortho,3.0,FLTLSFRDT,0.1196523751110488,1.0,WT-like,sensitive
466,micafungin,ortho,3.0,FLTLSIKDP,-0.0377716702757823,1.0,WT-like,sensitive
467,micafungin,ortho,3.0,YLALSFRDP,2.096702699706124,1.0,resistant,resistant
468,micafungin,ortho,3.0,YLILSFRDP,2.1457707482520254,1.0,resistant,resistant
469,micafungin,ortho,3.0,YLILSIRDP,1.875387148199305,1.0,intermediary,resistant
470,micafungin,ortho,3.0,YLTLSFRDP,2.0672414363580125,1.0,resistant,resistant
471,micafungin,ortho,3.0,YLTLSIRDP,1.841714008508524,1.0,intermediary,resistant
472,micafungin,ortho,4.0,FLALNLSDS,2.2086843284223985,1.0,resistant,resistant
473,micafungin,ortho,4.0,FLTLNLADS,2.22218240407753,1.0,resistant,resistant
474,micafungin,ortho,4.0,FLTLNLSDS,2.14041738236143,1.0,resistant,resistant
475,micafungin,ortho,4.0,FLTLSFENP,0.8777032118232695,1.0,intermediary,resistant
476,micafungin,ortho,4.0,SLTLSFRDV,2.121985642935366,1.0,resistant,resistant
477,micafungin,ortho,4.0,YLALSFKDP,2.1328527954378567,1.0,resistant,resistant
478,micafungin,ortho,4.0,YLTLSFKDP,2.075579956088419,1.0,resistant,resistant
479,micafungin,ortho,4.0,YLTLSFRDA,2.148931561024871,1.0,resistant,resistant
480,micafungin,ortho,4.0,YLTLSFRDV,2.004844213697763,1.0,resistant,resistant
481,micafungin,ortho,4.0,YLTLSFSDP,2.1509237190088,1.0,resistant,resistant
482,micafungin,ortho,4.0,YLTLSIKDP,1.8475263834289448,1.0,intermediary,resistant
483,micafungin,ortho,4.0,YLTRSFRDP,2.1706907930386614,1.0,resistant,resistant
484,micafungin,ortho,5.0,ALALNIKDP,2.115938131361126,1.0,resistant,resistant
485,micafungin,ortho,5.0,FLTSSFSSP,2.152133103193528,1.0,resistant,resistant
486,micafungin,ortho,5.0,YLTLAFRDS,2.113896797270637,1.0,resistant,resistant
487,micafungin,ortho,6.0,YLTRAFRDS,2.1596054374625644,1.0,resistant,resistant
488,micafungin,ortho,7.0,AICSDLRED,1.9318566996508864,1.0,intermediary,resistant
489,micafungin,ortho,7.0,LQIRPLIAP,2.239924290157304,1.0,resistant,resistant
490,micafungin,ortho,7.0,LQVKPMIKP,2.200288563463398,1.0,resistant,resistant
491,micafungin,ortho,7.0,VLTLLVTQH,1.8655426877686785,1.0,intermediary,resistant
492,micafungin,single,0.0,FLVLSLRDP,0.0050494969703994,1.0,WT-like,sensitive
493,micafungin,single,1.0,*LVLSLRDP,0.4199169986167306,1.0,WT-like,sensitive
494,micafungin,single,1.0,ALVLSLRDP,1.9577479616784244,1.0,intermediary,resistant
495,micafungin,single,1.0,DLVLSLRDP,1.6300807871910932,1.0,intermediary,resistant
496,micafungin,single,1.0,ELVLSLRDP,0.8673035216658203,1.0,intermediary,resistant
497,micafungin,single,1.0,F*VLSLRDP,0.4087960598056107,1.0,WT-like,sensitive
498,micafungin,single,1.0,FAVLSLRDP,-0.34416715057596703,1.0,WT-like,sensitive
499,micafungin,single,1.0,FCVLSLRDP,-0.2187859367151706,1.0,WT-like,sensitive
500,micafungin,single,1.0,FEVLSLRDP,0.1308382701666828,1.0,WT-like,sensitive
501,micafungin,single,1.0,FFVLSLRDP,-0.1879702011918407,1.0,WT-like,sensitive
502,micafungin,single,1.0,FGVLSLRDP,0.7721153600789042,1.0,intermediary,resistant
503,micafungin,single,1.0,FHVLSLRDP,0.230556340346521,1.0,WT-like,sensitive
504,micafungin,single,1.0,FIVLSLRDP,0.0176847545714819,1.0,WT-like,sensitive
505,micafungin,single,1.0,FKVLSLRDP,-0.1029541412674971,1.0,WT-like,sensitive
506,micafungin,single,1.0,FL*LSLRDP,0.1196726866909186,1.0,WT-like,sensitive
507,micafungin,single,1.0,FLALSLRDP,0.4623156440890078,1.0,WT-like,sensitive
508,micafungin,single,1.0,FLCLSLRDP,-0.090654663600437,1.0,WT-like,sensitive
509,micafungin,single,1.0,FLDLSLRDP,1.3184427901543874,2.0,intermediary,resistant
510,micafungin,single,1.0,FLELSLRDP,-0.1133903411471335,1.0,WT-like,sensitive
511,micafungin,single,1.0,FLFLSLRDP,-0.0580280769304397,1.0,WT-like,sensitive
512,micafungin,single,1.0,FLGLSLRDP,0.5005146666699012,1.0,WT-like,sensitive
513,micafungin,single,1.0,FLHLSLRDP,1.474819292646726,1.0,intermediary,resistant
514,micafungin,single,1.0,FLILSLRDP,-0.0823466383988364,1.0,WT-like,sensitive
515,micafungin,single,1.0,FLKLSLRDP,1.8195425736537527,1.0,intermediary,resistant
516,micafungin,single,1.0,FLLLSLRDP,0.0117493869505473,1.0,WT-like,sensitive
517,micafungin,single,1.0,FLMLSLRDP,-0.1443233113450279,1.0,WT-like,sensitive
518,micafungin,single,1.0,FLNLSLRDP,1.4595898894062072,2.0,intermediary,resistant
519,micafungin,single,1.0,FLPLSLRDP,-0.10894037844970089,1.0,WT-like,sensitive
520,micafungin,single,1.0,FLQLSLRDP,-0.3834122385997321,1.0,WT-like,sensitive
521,micafungin,single,1.0,FLRLSLRDP,1.785403719117414,1.0,intermediary,resistant
522,micafungin,single,1.0,FLSLSLRDP,0.4867716728992083,1.0,WT-like,sensitive
523,micafungin,single,1.0,FLTLSLRDP,0.07128314871630975,1.0,WT-like,sensitive
524,micafungin,single,1.0,FLV*SLRDP,0.1934762178599748,1.0,WT-like,sensitive
525,micafungin,single,1.0,FLVASLRDP,0.6045758739799661,1.0,intermediary,resistant
526,micafungin,single,1.0,FLVCSLRDP,-0.1197205868841548,1.0,WT-like,sensitive
527,micafungin,single,1.0,FLVDSLRDP,-0.0547963269960555,1.0,WT-like,sensitive
528,micafungin,single,1.0,FLVESLRDP,0.0584641623613416,1.0,WT-like,sensitive
529,micafungin,single,1.0,FLVFSLRDP,2.1597154312947984,1.0,resistant,resistant
530,micafungin,single,1.0,FLVHSLRDP,2.1936550658753617,1.0,resistant,resistant
531,micafungin,single,1.0,FLVISLRDP,-0.2607262558796154,1.0,WT-like,sensitive
532,micafungin,single,1.0,FLVL*LRDP,0.6821397142575775,1.0,intermediary,resistant
533,micafungin,single,1.0,FLVLALRDP,-0.09934771072126661,1.0,WT-like,sensitive
534,micafungin,single,1.0,FLVLCLRDP,1.0024304784820943,1.0,intermediary,resistant
535,micafungin,single,1.0,FLVLDLRDP,1.3775603576034672,1.0,intermediary,resistant
536,micafungin,single,1.0,FLVLELRDP,1.76964985569641,1.0,intermediary,resistant
537,micafungin,single,1.0,FLVLFLRDP,1.9620784159137752,1.0,intermediary,resistant
538,micafungin,single,1.0,FLVLGLRDP,0.6396329989976361,1.0,intermediary,resistant
539,micafungin,single,1.0,FLVLHLRDP,2.1127823915090413,1.0,resistant,resistant
540,micafungin,single,1.0,FLVLILRDP,1.87729559721324,1.0,intermediary,resistant
541,micafungin,single,1.0,FLVLKLRDP,2.082695328831811,1.0,resistant,resistant
542,micafungin,single,1.0,FLVLLLRDP,1.098462778076637,1.0,intermediary,resistant
543,micafungin,single,1.0,FLVLMLRDP,1.554002850778518,1.0,intermediary,resistant
544,micafungin,single,1.0,FLVLNLRDP,2.092006172866177,1.0,resistant,resistant
545,micafungin,single,1.0,FLVLPLRDP,2.1276308269088937,1.0,resistant,resistant
546,micafungin,single,1.0,FLVLQLRDP,2.0746574637723088,1.0,resistant,resistant
547,micafungin,single,1.0,FLVLRLRDP,2.1344229092290727,1.0,resistant,resistant
548,micafungin,single,1.0,FLVLS*RDP,0.2453733577844703,1.0,WT-like,sensitive
549,micafungin,single,1.0,FLVLSARDP,-0.06531349382517304,1.0,WT-like,sensitive
550,micafungin,single,1.0,FLVLSCRDP,-0.0503312972677908,1.0,WT-like,sensitive
551,micafungin,single,1.0,FLVLSDRDP,-0.0633591104188422,1.0,WT-like,sensitive
552,micafungin,single,1.0,FLVLSERDP,-0.2209547540005613,1.0,WT-like,sensitive
553,micafungin,single,1.0,FLVLSFRDP,0.050378818157396,1.0,WT-like,sensitive
554,micafungin,single,1.0,FLVLSGRDP,-0.4030628920421172,1.0,WT-like,sensitive
555,micafungin,single,1.0,FLVLSHRDP,2.126943317542656,1.0,resistant,resistant
556,micafungin,single,1.0,FLVLSIRDP,-0.0318031847353268,1.0,WT-like,sensitive
557,micafungin,single,1.0,FLVLSKRDP,0.1354138687383607,1.0,WT-like,sensitive
558,micafungin,single,1.0,FLVLSL*DP,0.2135525994337493,1.0,WT-like,sensitive
559,micafungin,single,1.0,FLVLSLADP,2.136014527637409,1.0,resistant,resistant
560,micafungin,single,1.0,FLVLSLCDP,1.7725420036629371,1.0,intermediary,resistant
561,micafungin,single,1.0,FLVLSLDDP,2.073217405424675,1.0,resistant,resistant
562,micafungin,single,1.0,FLVLSLEDP,1.5275488310917602,1.0,intermediary,resistant
563,micafungin,single,1.0,FLVLSLFDP,1.4950091500530287,1.0,intermediary,resistant
564,micafungin,single,1.0,FLVLSLGDP,2.119649098414015,1.0,resistant,resistant
565,micafungin,single,1.0,FLVLSLHDP,1.5625571954954594,2.0,intermediary,resistant
566,micafungin,single,1.0,FLVLSLIDP,-0.2489996721235921,1.0,WT-like,sensitive
567,micafungin,single,1.0,FLVLSLKDP,-0.2101521220945773,1.0,WT-like,sensitive
568,micafungin,single,1.0,FLVLSLLDP,-0.0942016359614895,1.0,WT-like,sensitive
569,micafungin,single,1.0,FLVLSLMDP,1.3159637370822483,1.0,intermediary,resistant
570,micafungin,single,1.0,FLVLSLNDP,2.112954559083683,1.0,resistant,resistant
571,micafungin,single,1.0,FLVLSLPDP,2.0865069787490986,1.0,resistant,resistant
572,micafungin,single,1.0,FLVLSLQDP,2.109277807940404,1.0,resistant,resistant
573,micafungin,single,1.0,FLVLSLR*P,0.561586595864457,1.0,intermediary,resistant
574,micafungin,single,1.0,FLVLSLRAP,0.2696611753402558,1.0,WT-like,sensitive
575,micafungin,single,1.0,FLVLSLRCP,1.2558992931066513,1.0,intermediary,resistant
576,micafungin,single,1.0,FLVLSLRD*,0.1927963750598098,1.0,WT-like,sensitive
577,micafungin,single,1.0,FLVLSLRDA,2.0272921892365687,1.0,resistant,resistant
578,micafungin,single,1.0,FLVLSLRDC,1.5448388756228004,3.0,intermediary,resistant
579,micafungin,single,1.0,FLVLSLRDD,2.078583108183013,1.0,resistant,resistant
580,micafungin,single,1.0,FLVLSLRDE,2.1170228396998323,1.0,resistant,resistant
581,micafungin,single,1.0,FLVLSLRDF,1.9577839108360384,1.0,intermediary,resistant
582,micafungin,single,1.0,FLVLSLRDG,1.423382153968278,1.0,intermediary,resistant
583,micafungin,single,1.0,FLVLSLRDH,2.0533141967846897,1.0,resistant,resistant
584,micafungin,single,1.0,FLVLSLRDI,1.991094920012073,1.0,resistant,resistant
585,micafungin,single,1.0,FLVLSLRDK,1.8810256315455829,1.0,intermediary,resistant
586,micafungin,single,1.0,FLVLSLRDL,1.792075627704607,1.0,intermediary,resistant
587,micafungin,single,1.0,FLVLSLRDM,2.096945983354045,1.0,resistant,resistant
588,micafungin,single,1.0,FLVLSLRDR,1.3704231967135905,1.0,intermediary,resistant
589,micafungin,single,1.0,FLVLSLRDS,1.3704897095930022,1.0,intermediary,resistant
590,micafungin,single,1.0,FLVLSLRDT,2.0687281851035157,1.0,resistant,resistant
591,micafungin,single,1.0,FLVLSLRDV,1.8702088772030874,1.0,intermediary,resistant
592,micafungin,single,1.0,FLVLSLRDW,-0.0194109029861418,1.0,WT-like,sensitive
593,micafungin,single,1.0,FLVLSLRDY,1.553363746971125,1.0,intermediary,resistant
594,micafungin,single,1.0,FLVLSLREP,-0.1805899877732506,1.0,WT-like,sensitive
595,micafungin,single,1.0,FLVLSLRFP,0.7870661390076543,1.0,intermediary,resistant
596,micafungin,single,1.0,FLVLSLRGP,0.4254300053463065,1.0,WT-like,sensitive
597,micafungin,single,1.0,FLVLSLRHP,1.4889634030794163,1.0,intermediary,resistant
598,micafungin,single,1.0,FLVLSLRIP,2.139111459037947,1.0,resistant,resistant
599,micafungin,single,1.0,FLVLSLRKP,0.7872980211619707,1.0,intermediary,resistant
600,micafungin,single,1.0,FLVLSLRLP,-0.1968640939871575,1.0,WT-like,sensitive
601,micafungin,single,1.0,FLVLSLRMP,-0.2005436133617242,1.0,WT-like,sensitive
602,micafungin,single,1.0,FLVLSLRNP,-0.1732477719692567,1.0,WT-like,sensitive
603,micafungin,single,1.0,FLVLSLRPP,2.090291992243994,1.0,resistant,resistant
604,micafungin,single,1.0,FLVLSLRQP,-0.3249049160413687,1.0,WT-like,sensitive
605,micafungin,single,1.0,FLVLSLRRP,2.1789422870968385,1.0,resistant,resistant
606,micafungin,single,1.0,FLVLSLRSP,1.2228349090615098,1.0,intermediary,resistant
607,micafungin,single,1.0,FLVLSLRTP,2.1052460199198686,1.0,resistant,resistant
608,micafungin,single,1.0,FLVLSLRVP,2.138262892030551,1.0,resistant,resistant
609,micafungin,single,1.0,FLVLSLRWP,-0.0461888544718213,1.0,WT-like,sensitive
610,micafungin,single,1.0,FLVLSLRYP,1.8893397669479224,1.0,intermediary,resistant
611,micafungin,single,1.0,FLVLSLSDP,2.1514522950181005,1.0,resistant,resistant
612,micafungin,single,1.0,FLVLSLTDP,1.4783868616159312,1.0,intermediary,resistant
613,micafungin,single,1.0,FLVLSLVDP,0.33453550143079985,1.0,WT-like,sensitive
614,micafungin,single,1.0,FLVLSLWDP,1.6824104741089725,1.0,intermediary,resistant
615,micafungin,single,1.0,FLVLSLYDP,1.1394007269846718,1.0,intermediary,resistant
616,micafungin,single,1.0,FLVLSMRDP,0.1126437676649771,1.0,WT-like,sensitive
617,micafungin,single,1.0,FLVLSNRDP,-0.1307714239031049,1.0,WT-like,sensitive
618,micafungin,single,1.0,FLVLSPRDP,-0.027073242927816744,1.0,WT-like,sensitive
619,micafungin,single,1.0,FLVLSQRDP,2.084699170254692,1.0,resistant,resistant
620,micafungin,single,1.0,FLVLSRRDP,2.078799401885572,1.0,resistant,resistant
621,micafungin,single,1.0,FLVLSSRDP,0.0859806740390946,1.0,WT-like,sensitive
622,micafungin,single,1.0,FLVLSTRDP,-0.18082187959684465,1.0,WT-like,sensitive
623,micafungin,single,1.0,FLVLSVRDP,0.09432343181499406,1.0,WT-like,sensitive
624,micafungin,single,1.0,FLVLSWRDP,1.4659500874578208,1.0,intermediary,resistant
625,micafungin,single,1.0,FLVLSYRDP,0.0536787266135807,1.0,WT-like,sensitive
626,micafungin,single,1.0,FLVLTLRDP,0.8225894081522852,1.0,intermediary,resistant
627,micafungin,single,1.0,FLVLVLRDP,0.4046083812183927,1.0,WT-like,sensitive
628,micafungin,single,1.0,FLVLWLRDP,1.0421581231443704,1.0,intermediary,resistant
629,micafungin,single,1.0,FLVLYLRDP,2.007093442672817,1.0,resistant,resistant
630,micafungin,single,1.0,FLVMSLRDP,-0.23541234082804,1.0,WT-like,sensitive
631,micafungin,single,1.0,FLVNSLRDP,-0.0739498740512926,1.0,WT-like,sensitive
632,micafungin,single,1.0,FLVPSLRDP,-0.1758989265433231,1.0,WT-like,sensitive
633,micafungin,single,1.0,FLVQSLRDP,-0.2772542312389981,1.0,WT-like,sensitive
634,micafungin,single,1.0,FLVRSLRDP,0.4586836180808809,1.0,WT-like,sensitive
635,micafungin,single,1.0,FLVSSLRDP,0.2551562850629433,1.0,WT-like,sensitive
636,micafungin,single,1.0,FLVTSLRDP,-0.1769500857138269,1.0,WT-like,sensitive
637,micafungin,single,1.0,FLVVSLRDP,0.44277415341132537,1.0,WT-like,sensitive
638,micafungin,single,1.0,FLVWSLRDP,2.168129353133611,1.0,resistant,resistant
639,micafungin,single,1.0,FLVYSLRDP,2.159407354182568,1.0,resistant,resistant
640,micafungin,single,1.0,FLYLSLRDP,-0.1110362289231925,1.0,WT-like,sensitive
641,micafungin,single,1.0,FMVLSLRDP,-0.1759944082176719,1.0,WT-like,sensitive
642,micafungin,single,1.0,FNVLSLRDP,-0.1269789739703959,1.0,WT-like,sensitive
643,micafungin,single,1.0,FPVLSLRDP,0.2324827919344303,1.0,WT-like,sensitive
644,micafungin,single,1.0,FQVLSLRDP,-0.0457758274316889,1.0,WT-like,sensitive
645,micafungin,single,1.0,FRVLSLRDP,0.2128796029543207,1.0,WT-like,sensitive
646,micafungin,single,1.0,FSVLSLRDP,0.6845033696296043,1.0,intermediary,resistant
647,micafungin,single,1.0,FTVLSLRDP,-0.029722938362944804,1.0,WT-like,sensitive
648,micafungin,single,1.0,FVVLSLRDP,-0.030148620012929596,1.0,WT-like,sensitive
649,micafungin,single,1.0,FWVLSLRDP,0.2579431196288639,1.0,WT-like,sensitive
650,micafungin,single,1.0,FYVLSLRDP,-0.1163530804552319,1.0,WT-like,sensitive
651,micafungin,single,1.0,GLVLSLRDP,2.20682372831792,1.0,resistant,resistant
652,micafungin,single,1.0,HLVLSLRDP,2.1564685256113414,1.0,resistant,resistant
653,micafungin,single,1.0,ILVLSLRDP,1.5301513825930964,1.0,intermediary,resistant
654,micafungin,single,1.0,KLVLSLRDP,2.156646913182996,1.0,resistant,resistant
655,micafungin,single,1.0,LLVLSLRDP,0.126145247568547,1.0,WT-like,sensitive
656,micafungin,single,1.0,MLVLSLRDP,-0.5601244155251689,1.0,WT-like,sensitive
657,micafungin,single,1.0,NLVLSLRDP,1.6450276410006572,1.0,intermediary,resistant
658,micafungin,single,1.0,PLVLSLRDP,2.147710937485071,1.0,resistant,resistant
659,micafungin,single,1.0,QLVLSLRDP,-0.0673567910938937,1.0,WT-like,sensitive
660,micafungin,single,1.0,RLVLSLRDP,2.1490613294422545,1.0,resistant,resistant
661,micafungin,single,1.0,SLVLSLRDP,2.1218065086194784,1.0,resistant,resistant
662,micafungin,single,1.0,TLVLSLRDP,1.843707514095145,1.0,intermediary,resistant
663,micafungin,single,1.0,VLVLSLRDP,2.017569968604758,1.0,resistant,resistant
664,micafungin,single,1.0,WLVLSLRDP,2.0133424853326964,1.0,resistant,resistant
665,micafungin,single,1.0,YLVLSLRDP,1.9861319312294987,1.0,resistant,resistant
666,none,ortho,1.0,FLILSLRDP,0.013968910716718,1.0,WT-like,sensitive
667,none,ortho,1.0,FLTLSLRDP,0.0698769450596852,1.0,WT-like,sensitive
668,none,ortho,2.0,FLALSFRDP,0.0630752261743125,1.0,WT-like,sensitive
669,none,ortho,2.0,FLALSIRDP,0.0904475310285094,1.0,WT-like,sensitive
670,none,ortho,2.0,FLSLSFRDP,0.0815133997548592,1.0,WT-like,sensitive
671,none,ortho,2.0,FLTLSFRDP,0.0792182657919991,1.0,WT-like,sensitive
672,none,ortho,2.0,FLTLSIRDP,0.0821910007707359,1.0,WT-like,sensitive
673,none,ortho,2.0,FLTLSLKDP,0.027079016036196,1.0,WT-like,sensitive
674,none,ortho,2.0,FLTLSLRDA,0.0650967417243421,1.0,WT-like,sensitive
675,none,ortho,2.0,FLTLSLVDP,0.0785367730705131,1.0,WT-like,sensitive
676,none,ortho,2.0,FLTLSVRDP,0.1014586257713131,1.0,WT-like,sensitive
677,none,ortho,2.0,FMALSLRDP,0.0826798944546541,1.0,WT-like,sensitive
678,none,ortho,2.0,YLILSLRDP,0.0290219633391937,1.0,WT-like,sensitive
679,none,ortho,2.0,YLTLSLRDP,0.1262576380116546,1.0,WT-like,sensitive
680,none,ortho,3.0,ALTLSFRDP,0.0860010589443815,1.0,WT-like,sensitive
681,none,ortho,3.0,FLALSFKDP,0.0234532963334548,1.0,WT-like,sensitive
682,none,ortho,3.0,FLALSFRDA,0.0420381303932745,1.0,WT-like,sensitive
683,none,ortho,3.0,FLIKSLIDP,0.0922337686363101,1.0,WT-like,sensitive
684,none,ortho,3.0,FLTHSFRDP,0.0497444110011897,1.0,WT-like,sensitive
685,none,ortho,3.0,FLTLSAKDP,0.0615698048537339,1.0,WT-like,sensitive
686,none,ortho,3.0,FLTLSFKDP,0.0540832295417962,1.0,WT-like,sensitive
687,none,ortho,3.0,FLTLSFRDT,0.07144096825645,1.0,WT-like,sensitive
688,none,ortho,3.0,FLTLSIKDP,0.0695223901006413,1.0,WT-like,sensitive
689,none,ortho,3.0,YLALSFRDP,0.0269140328249963,1.0,WT-like,sensitive
690,none,ortho,3.0,YLILSFRDP,0.0808299723882971,1.0,WT-like,sensitive
691,none,ortho,3.0,YLILSIRDP,0.0747589463551403,1.0,WT-like,sensitive
692,none,ortho,3.0,YLTLSFRDP,0.0511749895078641,1.0,WT-like,sensitive
693,none,ortho,3.0,YLTLSIRDP,0.1075145047318727,1.0,WT-like,sensitive
694,none,ortho,4.0,FLALNLSDS,0.0612157339936114,1.0,WT-like,sensitive
695,none,ortho,4.0,FLTLNLADS,0.0711372166816791,1.0,WT-like,sensitive
696,none,ortho,4.0,FLTLNLSDS,0.0380607759903859,1.0,WT-like,sensitive
697,none,ortho,4.0,FLTLSFENP,0.0528607785500633,1.0,WT-like,sensitive
698,none,ortho,4.0,SLTLSFRDV,0.0562814702160808,1.0,WT-like,sensitive
699,none,ortho,4.0,YLALSFKDP,0.0595603726520557,1.0,WT-like,sensitive
700,none,ortho,4.0,YLTLSFKDP,0.0018351551593756,1.0,WT-like,sensitive
701,none,ortho,4.0,YLTLSFRDA,0.0561272607626816,1.0,WT-like,sensitive
702,none,ortho,4.0,YLTLSFRDV,0.0239776350956766,1.0,WT-like,sensitive
703,none,ortho,4.0,YLTLSFSDP,0.0588273413011073,1.0,WT-like,sensitive
704,none,ortho,4.0,YLTLSIKDP,0.0587710698236263,1.0,WT-like,sensitive
705,none,ortho,4.0,YLTRSFRDP,0.0719246614723169,1.0,WT-like,sensitive
706,none,ortho,5.0,ALALNIKDP,0.1027443414826259,1.0,WT-like,sensitive
707,none,ortho,5.0,FLTSSFSSP,0.0528655100415799,1.0,WT-like,sensitive
708,none,ortho,5.0,YLTLAFRDS,0.058727815250201,1.0,WT-like,sensitive
709,none,ortho,6.0,YLTRAFRDS,0.0595736917240648,1.0,WT-like,sensitive
710,none,ortho,7.0,AICSDLRED,-0.1121266619148167,1.0,slightly deleterious,sensitive
711,none,ortho,7.0,LQIRPLIAP,0.110898045187677,1.0,WT-like,sensitive
712,none,ortho,7.0,LQVKPMIKP,0.0998675412884431,1.0,WT-like,sensitive
713,none,ortho,7.0,VLTLLVTQH,-0.1385915139425731,1.0,slightly deleterious,sensitive
714,none,single,0.0,FLVLSLRDP,0.0104528330720409,1.0,WT-like,sensitive
715,none,single,1.0,*LVLSLRDP,-0.2178376510890079,1.0,slightly deleterious,sensitive
716,none,single,1.0,ALVLSLRDP,0.05284775688990715,1.0,WT-like,sensitive
717,none,single,1.0,DLVLSLRDP,0.0031426486964526,1.0,WT-like,sensitive
718,none,single,1.0,ELVLSLRDP,0.0278117426315524,1.0,WT-like,sensitive
719,none,single,1.0,F*VLSLRDP,-0.190328817706829,1.0,slightly deleterious,sensitive
720,none,single,1.0,FAVLSLRDP,0.07689564552461135,1.0,WT-like,sensitive
721,none,single,1.0,FCVLSLRDP,-0.0119695784831621,1.0,WT-like,sensitive
722,none,single,1.0,FEVLSLRDP,0.0439276313252436,1.0,WT-like,sensitive
723,none,single,1.0,FFVLSLRDP,0.0227160552996747,1.0,WT-like,sensitive
724,none,single,1.0,FGVLSLRDP,0.04644541828768105,1.0,WT-like,sensitive
725,none,single,1.0,FHVLSLRDP,0.0220941009343882,1.0,WT-like,sensitive
726,none,single,1.0,FIVLSLRDP,0.0070563399268698,1.0,WT-like,sensitive
727,none,single,1.0,FKVLSLRDP,-1.144092679132948,1.0,deleterious,sensitive
728,none,single,1.0,FL*LSLRDP,-0.2056064185665744,1.0,slightly deleterious,sensitive
729,none,single,1.0,FLALSLRDP,-0.11020062374534169,1.0,slightly deleterious,sensitive
730,none,single,1.0,FLCLSLRDP,0.051553558234988,1.0,WT-like,sensitive
731,none,single,1.0,FLDLSLRDP,-0.3708175620590453,2.0,slightly deleterious,sensitive
732,none,single,1.0,FLELSLRDP,0.0658720575208795,1.0,WT-like,sensitive
733,none,single,1.0,FLFLSLRDP,-0.0161674047841362,1.0,WT-like,sensitive
734,none,single,1.0,FLGLSLRDP,-0.2406076168143004,1.0,slightly deleterious,sensitive
735,none,single,1.0,FLHLSLRDP,-0.072658025166377,1.0,slightly deleterious,sensitive
736,none,single,1.0,FLILSLRDP,0.0353221520572773,1.0,WT-like,sensitive
737,none,single,1.0,FLKLSLRDP,-0.1485986686912393,1.0,slightly deleterious,sensitive
738,none,single,1.0,FLLLSLRDP,0.0183964381325051,1.0,WT-like,sensitive
739,none,single,1.0,FLMLSLRDP,0.0055587224825831,1.0,WT-like,sensitive
740,none,single,1.0,FLNLSLRDP,-0.2474569656599073,2.0,slightly deleterious,sensitive
741,none,single,1.0,FLPLSLRDP,0.006376149401277101,1.0,WT-like,sensitive
742,none,single,1.0,FLQLSLRDP,0.0102957110568224,1.0,WT-like,sensitive
743,none,single,1.0,FLRLSLRDP,-0.1151564931777062,1.0,slightly deleterious,sensitive
744,none,single,1.0,FLSLSLRDP,-0.2962684033661577,1.0,slightly deleterious,sensitive
745,none,single,1.0,FLTLSLRDP,0.0344733682377122,1.0,WT-like,sensitive
746,none,single,1.0,FLV*SLRDP,-0.2780408803032508,1.0,slightly deleterious,sensitive
747,none,single,1.0,FLVASLRDP,-0.16274141108067638,1.0,slightly deleterious,sensitive
748,none,single,1.0,FLVCSLRDP,0.0599035999365523,1.0,WT-like,sensitive
749,none,single,1.0,FLVDSLRDP,0.0462402606315607,1.0,WT-like,sensitive
750,none,single,1.0,FLVESLRDP,0.043167378708134,1.0,WT-like,sensitive
751,none,single,1.0,FLVFSLRDP,0.0318230506607679,1.0,WT-like,sensitive
752,none,single,1.0,FLVHSLRDP,0.0308718534703148,1.0,WT-like,sensitive
753,none,single,1.0,FLVISLRDP,-0.0138368824185054,1.0,WT-like,sensitive
754,none,single,1.0,FLVL*LRDP,-0.383372491079204,1.0,slightly deleterious,sensitive
755,none,single,1.0,FLVLALRDP,0.10098911712764475,1.0,WT-like,sensitive
756,none,single,1.0,FLVLCLRDP,0.0657377232622452,1.0,WT-like,sensitive
757,none,single,1.0,FLVLDLRDP,0.0291891219517709,1.0,WT-like,sensitive
758,none,single,1.0,FLVLELRDP,0.0327327103015696,1.0,WT-like,sensitive
759,none,single,1.0,FLVLFLRDP,0.0041301885041991,1.0,WT-like,sensitive
760,none,single,1.0,FLVLGLRDP,0.01586967587317185,1.0,WT-like,sensitive
761,none,single,1.0,FLVLHLRDP,0.0706417492036846,1.0,WT-like,sensitive
762,none,single,1.0,FLVLILRDP,0.0377945249573365,1.0,WT-like,sensitive
763,none,single,1.0,FLVLKLRDP,0.0160048331961623,1.0,WT-like,sensitive
764,none,single,1.0,FLVLLLRDP,0.0291108953978674,1.0,WT-like,sensitive
765,none,single,1.0,FLVLMLRDP,0.0334171780169302,1.0,WT-like,sensitive
766,none,single,1.0,FLVLNLRDP,0.0330895287708753,1.0,WT-like,sensitive
767,none,single,1.0,FLVLPLRDP,0.047981031358351744,1.0,WT-like,sensitive
768,none,single,1.0,FLVLQLRDP,0.0050913608636688,1.0,WT-like,sensitive
769,none,single,1.0,FLVLRLRDP,0.0078933395651389,1.0,WT-like,sensitive
770,none,single,1.0,FLVLS*RDP,-0.1878078033370254,1.0,slightly deleterious,sensitive
771,none,single,1.0,FLVLSARDP,0.0333497962714722,1.0,WT-like,sensitive
772,none,single,1.0,FLVLSCRDP,0.0092967382562764,1.0,WT-like,sensitive
773,none,single,1.0,FLVLSDRDP,0.0521410267518272,1.0,WT-like,sensitive
774,none,single,1.0,FLVLSERDP,0.0315349533319081,1.0,WT-like,sensitive
775,none,single,1.0,FLVLSFRDP,0.0496707260189829,1.0,WT-like,sensitive
776,none,single,1.0,FLVLSGRDP,0.0389409472631331,1.0,WT-like,sensitive
777,none,single,1.0,FLVLSHRDP,0.0189160384765146,1.0,WT-like,sensitive
778,none,single,1.0,FLVLSIRDP,-0.025931614581408,1.0,WT-like,sensitive
779,none,single,1.0,FLVLSKRDP,0.0533748069803143,1.0,WT-like,sensitive
780,none,single,1.0,FLVLSL*DP,-0.1844256186574189,1.0,slightly deleterious,sensitive
781,none,single,1.0,FLVLSLADP,0.029187874334675804,1.0,WT-like,sensitive
782,none,single,1.0,FLVLSLCDP,-0.0024265941754176,1.0,WT-like,sensitive
783,none,single,1.0,FLVLSLDDP,-0.0007745586214923,1.0,WT-like,sensitive
784,none,single,1.0,FLVLSLEDP,0.0571081179305487,1.0,WT-like,sensitive
785,none,single,1.0,FLVLSLFDP,0.0141254631276569,1.0,WT-like,sensitive
786,none,single,1.0,FLVLSLGDP,0.0323318581255458,1.0,WT-like,sensitive
787,none,single,1.0,FLVLSLHDP,-0.3807136703490695,2.0,slightly deleterious,sensitive
788,none,single,1.0,FLVLSLIDP,0.0159488288452593,1.0,WT-like,sensitive
789,none,single,1.0,FLVLSLKDP,0.0268079551380129,1.0,WT-like,sensitive
790,none,single,1.0,FLVLSLLDP,-0.00903495778276055,1.0,WT-like,sensitive
791,none,single,1.0,FLVLSLMDP,0.062703976080407,1.0,WT-like,sensitive
792,none,single,1.0,FLVLSLNDP,0.0550207053549823,1.0,WT-like,sensitive
793,none,single,1.0,FLVLSLPDP,0.0306288882935901,1.0,WT-like,sensitive
794,none,single,1.0,FLVLSLQDP,0.0433306266292863,1.0,WT-like,sensitive
795,none,single,1.0,FLVLSLR*P,-0.2231472078620212,1.0,slightly deleterious,sensitive
796,none,single,1.0,FLVLSLRAP,0.04807518998527645,1.0,WT-like,sensitive
797,none,single,1.0,FLVLSLRCP,0.0571227409339904,1.0,WT-like,sensitive
798,none,single,1.0,FLVLSLRD*,-0.1952224417197265,1.0,slightly deleterious,sensitive
799,none,single,1.0,FLVLSLRDA,0.01739858448164725,1.0,WT-like,sensitive
800,none,single,1.0,FLVLSLRDC,-0.2962684033661577,3.0,slightly deleterious,sensitive
801,none,single,1.0,FLVLSLRDD,0.0663515937352656,1.0,WT-like,sensitive
802,none,single,1.0,FLVLSLRDE,-0.0003814163948293,1.0,WT-like,sensitive
803,none,single,1.0,FLVLSLRDF,0.0223249388505972,1.0,WT-like,sensitive
804,none,single,1.0,FLVLSLRDG,0.01788660874811325,1.0,WT-like,sensitive
805,none,single,1.0,FLVLSLRDH,-0.0052752864114374,1.0,WT-like,sensitive
806,none,single,1.0,FLVLSLRDI,0.0281753698970573,1.0,WT-like,sensitive
807,none,single,1.0,FLVLSLRDK,-0.0970592076532998,1.0,slightly deleterious,sensitive
808,none,single,1.0,FLVLSLRDL,0.0504286939263009,1.0,WT-like,sensitive
809,none,single,1.0,FLVLSLRDM,0.0376507189783119,1.0,WT-like,sensitive
810,none,single,1.0,FLVLSLRDR,-0.0604233449523209,1.0,slightly deleterious,sensitive
811,none,single,1.0,FLVLSLRDS,0.0386162768935708,1.0,WT-like,sensitive
812,none,single,1.0,FLVLSLRDT,0.025464946205924016,1.0,WT-like,sensitive
813,none,single,1.0,FLVLSLRDV,0.01646924218829335,1.0,WT-like,sensitive
814,none,single,1.0,FLVLSLRDW,0.0100462267189957,1.0,WT-like,sensitive
815,none,single,1.0,FLVLSLRDY,0.0135335776754559,1.0,WT-like,sensitive
816,none,single,1.0,FLVLSLREP,0.0206407561389058,1.0,WT-like,sensitive
817,none,single,1.0,FLVLSLRFP,0.010523159398031,1.0,WT-like,sensitive
818,none,single,1.0,FLVLSLRGP,-0.15908046541051155,1.0,slightly deleterious,sensitive
819,none,single,1.0,FLVLSLRHP,0.0149583662616875,1.0,WT-like,sensitive
820,none,single,1.0,FLVLSLRIP,0.0547483445339265,1.0,WT-like,sensitive
821,none,single,1.0,FLVLSLRKP,0.0218718754452356,1.0,WT-like,sensitive
822,none,single,1.0,FLVLSLRLP,0.0433314676799789,1.0,WT-like,sensitive
823,none,single,1.0,FLVLSLRMP,-0.0272405411067335,1.0,WT-like,sensitive
824,none,single,1.0,FLVLSLRNP,0.0594024474097637,1.0,WT-like,sensitive
825,none,single,1.0,FLVLSLRPP,-0.0003028892983836006,1.0,WT-like,sensitive
826,none,single,1.0,FLVLSLRQP,0.0177670354826081,1.0,WT-like,sensitive
827,none,single,1.0,FLVLSLRRP,0.04304007129492235,1.0,WT-like,sensitive
828,none,single,1.0,FLVLSLRSP,0.0344688948060917,1.0,WT-like,sensitive
829,none,single,1.0,FLVLSLRTP,0.0036378122133608,1.0,WT-like,sensitive
830,none,single,1.0,FLVLSLRVP,0.02031169024765185,1.0,WT-like,sensitive
831,none,single,1.0,FLVLSLRWP,0.0515237520781872,1.0,WT-like,sensitive
832,none,single,1.0,FLVLSLRYP,0.0240573846647652,1.0,WT-like,sensitive
833,none,single,1.0,FLVLSLSDP,0.0354450987719061,1.0,WT-like,sensitive
834,none,single,1.0,FLVLSLTDP,0.06356262549247745,1.0,WT-like,sensitive
835,none,single,1.0,FLVLSLVDP,0.00914579328158415,1.0,WT-like,sensitive
836,none,single,1.0,FLVLSLWDP,0.0931108827127028,1.0,WT-like,sensitive
837,none,single,1.0,FLVLSLYDP,0.0497612315483784,1.0,WT-like,sensitive
838,none,single,1.0,FLVLSMRDP,0.0128764307695483,1.0,WT-like,sensitive
839,none,single,1.0,FLVLSNRDP,0.0268594138378898,1.0,WT-like,sensitive
840,none,single,1.0,FLVLSPRDP,-0.009787887564606551,1.0,WT-like,sensitive
841,none,single,1.0,FLVLSQRDP,0.0481739188815249,1.0,WT-like,sensitive
842,none,single,1.0,FLVLSRRDP,3.51436639919496e-05,1.0,WT-like,sensitive
843,none,single,1.0,FLVLSSRDP,0.0386301190626813,1.0,WT-like,sensitive
844,none,single,1.0,FLVLSTRDP,0.0295782496651905,1.0,WT-like,sensitive
845,none,single,1.0,FLVLSVRDP,0.041538344630043855,1.0,WT-like,sensitive
846,none,single,1.0,FLVLSWRDP,0.0502477638736065,1.0,WT-like,sensitive
847,none,single,1.0,FLVLSYRDP,0.0236053616551598,1.0,WT-like,sensitive
848,none,single,1.0,FLVLTLRDP,0.0477969528457372,1.0,WT-like,sensitive
849,none,single,1.0,FLVLVLRDP,-0.2179699839479197,1.0,slightly deleterious,sensitive
850,none,single,1.0,FLVLWLRDP,-0.3764086951463765,1.0,slightly deleterious,sensitive
851,none,single,1.0,FLVLYLRDP,-0.0023915868600993,1.0,WT-like,sensitive
852,none,single,1.0,FLVMSLRDP,0.0470516482119021,1.0,WT-like,sensitive
853,none,single,1.0,FLVNSLRDP,0.0537538033195896,1.0,WT-like,sensitive
854,none,single,1.0,FLVPSLRDP,0.0235789645492011,1.0,WT-like,sensitive
855,none,single,1.0,FLVQSLRDP,0.0680639173543278,1.0,WT-like,sensitive
856,none,single,1.0,FLVRSLRDP,0.03164076418087375,1.0,WT-like,sensitive
857,none,single,1.0,FLVSSLRDP,0.0496729290094794,1.0,WT-like,sensitive
858,none,single,1.0,FLVTSLRDP,0.0524565592624669,1.0,WT-like,sensitive
859,none,single,1.0,FLVVSLRDP,-0.1586760710366762,1.0,slightly deleterious,sensitive
860,none,single,1.0,FLVWSLRDP,0.0659216288872354,1.0,WT-like,sensitive
861,none,single,1.0,FLVYSLRDP,0.0210034300012495,1.0,WT-like,sensitive
862,none,single,1.0,FLYLSLRDP,0.051362257095837,1.0,WT-like,sensitive
863,none,single,1.0,FMVLSLRDP,0.042240229814574,1.0,WT-like,sensitive
864,none,single,1.0,FNVLSLRDP,-0.0037944647419938,1.0,WT-like,sensitive
865,none,single,1.0,FPVLSLRDP,0.04885862965497495,1.0,WT-like,sensitive
866,none,single,1.0,FQVLSLRDP,0.0321137999454761,1.0,WT-like,sensitive
867,none,single,1.0,FRVLSLRDP,0.0663249510782573,1.0,WT-like,sensitive
868,none,single,1.0,FSVLSLRDP,0.0424936416081153,1.0,WT-like,sensitive
869,none,single,1.0,FTVLSLRDP,-0.0044624866157589,1.0,WT-like,sensitive
870,none,single,1.0,FVVLSLRDP,0.038721891672927194,1.0,WT-like,sensitive
871,none,single,1.0,FWVLSLRDP,0.0741800675463183,1.0,WT-like,sensitive
872,none,single,1.0,FYVLSLRDP,0.0667279559500371,1.0,WT-like,sensitive
873,none,single,1.0,GLVLSLRDP,0.0876976514360291,1.0,WT-like,sensitive
874,none,single,1.0,HLVLSLRDP,0.0565224044380269,1.0,WT-like,sensitive
875,none,single,1.0,ILVLSLRDP,0.0457917044014807,1.0,WT-like,sensitive
876,none,single,1.0,KLVLSLRDP,0.091852675725308,1.0,WT-like,sensitive
877,none,single,1.0,LLVLSLRDP,0.0406082206899364,1.0,WT-like,sensitive
878,none,single,1.0,MLVLSLRDP,0.0623092866944309,1.0,WT-like,sensitive
879,none,single,1.0,NLVLSLRDP,-0.3940040055504775,1.0,slightly deleterious,sensitive
880,none,single,1.0,PLVLSLRDP,0.09477727060478475,1.0,WT-like,sensitive
881,none,single,1.0,QLVLSLRDP,0.1189622768840094,1.0,WT-like,sensitive
882,none,single,1.0,RLVLSLRDP,0.0527788175561559,1.0,WT-like,sensitive
883,none,single,1.0,SLVLSLRDP,0.0150505833862046,1.0,WT-like,sensitive
884,none,single,1.0,TLVLSLRDP,-0.208042826781362,1.0,slightly deleterious,sensitive
885,none,single,1.0,VLVLSLRDP,0.0376229711745637,1.0,WT-like,sensitive
886,none,single,1.0,WLVLSLRDP,0.0702074526364065,1.0,WT-like,sensitive
887,none,single,1.0,YLVLSLRDP,0.0800167920130766,1.0,WT-like,sensitive
888,anidulafungin,single,1.0,CLVLSLRDP,2.009071323063191,1.0,resistant,resistant
889,caspofungin,single,1.0,CLVLSLRDP,1.918282690156336,1.0,resistant,resistant
890,micafungin,single,1.0,CLVLSLRDP,1.9414195884071164,1.0,intermediary,resistant
891,none,single,1.0,CLVLSLRDP,0.1224449336227913,1.0,WT-like,sensitive
892,anidulafungin,single,1.0,FDVLSLRDP,-0.011159741586058,1.0,WT-like,sensitive
893,caspofungin,single,1.0,FDVLSLRDP,-0.0768183532558249,1.0,WT-like,sensitive
894,micafungin,single,1.0,FDVLSLRDP,0.7065363694023068,1.0,intermediary,resistant
895,none,single,1.0,FDVLSLRDP,0.0604449631512579,1.0,WT-like,sensitive
896,anidulafungin,single,1.0,FLVGSLRDP,-0.2850249655115834,1.0,WT-like,sensitive
897,caspofungin,single,1.0,FLVGSLRDP,-0.0395198662038767,1.0,WT-like,sensitive
898,micafungin,single,1.0,FLVGSLRDP,-0.7205507769890878,1.0,WT-like,sensitive
899,none,single,1.0,FLVGSLRDP,0.001425426728618,1.0,WT-like,sensitive
900,anidulafungin,single,1.0,FLVKSLRDP,1.0070854727924152,1.0,intermediary,resistant
901,caspofungin,single,1.0,FLVKSLRDP,1.866959159568549,1.0,resistant,resistant
902,micafungin,single,1.0,FLVKSLRDP,1.5182357133719957,1.0,intermediary,resistant
903,none,single,1.0,FLVKSLRDP,0.0123768240854016,1.0,WT-like,sensitive
904,anidulafungin,single,1.0,FLVLSLRDN,1.9205489076614184,1.0,resistant,resistant
905,caspofungin,single,1.0,FLVLSLRDN,1.8575262980040763,1.0,resistant,resistant
906,micafungin,single,1.0,FLVLSLRDN,1.848636265285915,1.0,intermediary,resistant
907,none,single,1.0,FLVLSLRDN,0.014164838603163,1.0,WT-like,sensitive
908,anidulafungin,single,1.0,FLVLSLRDQ,2.0298655959601457,1.0,resistant,resistant
909,caspofungin,single,1.0,FLVLSLRDQ,1.931912104088641,1.0,resistant,resistant
910,micafungin,single,1.0,FLVLSLRDQ,1.9719220007702056,1.0,resistant,resistant
911,none,single,1.0,FLVLSLRDQ,0.0070075537528234,1.0,WT-like,sensitive
912,anidulafungin,single,1.0,FLWLSLRDP,1.4456820132089372,1.0,intermediary,resistant
913,caspofungin,single,1.0,FLWLSLRDP,1.0408973834393822,1.0,intermediary,resistant
914,micafungin,single,1.0,FLWLSLRDP,0.9034758519983264,1.0,intermediary,resistant
915,none,single,1.0,FLWLSLRDP,0.1084150724811643,1.0,WT-like,sensitive
